ABACUS,ABACUS
ABACUS_(CNS),ABACUS
ACDHNMR_Predictor,ACDHNMR_Predictor
ACME,ACME
NMRPipe(ACME),ACME
ADAPT-NMR,ADAPT-NMR
AGNUS,AGNUS
almost,almost
AMBER,AMBER
Amber,AMBER
amber,AMBER
AMBER12,AMBER
SANDER MODULE OF AMBER 6.0 PACKAGE (2000),AMBER
AMIX,AMIX
AMPAC,AMPAC
Analysis,CcpNmr Analysis
analysis,CcpNmr Analysis
ANALYSIS,CcpNmr Analysis
Analysis_CCPN,CcpNmr Analysis
Analysis-CCPN,CcpNmr Analysis
CccpNmr_Analysis,CcpNmr Analysis
CCPN,CcpNmr Analysis
ccpn,CcpNmr Analysis
Ccpnmr,CcpNmr Analysis
ccpNMR,CcpNmr Analysis
CCPNmr,CcpNmr Analysis
CCPN_Analysis,CcpNmr Analysis
CCPNmr_Analysis,CcpNmr Analysis
CCPN_v._2.4.1,CcpNmr Analysis
CCPNMR,CcpNmr Analysis
CcpNmr_Analysis,CcpNmr Analysis
CCPNMR_analysis,CcpNmr Analysis
CcpnNMR_Analysis,CcpNmr Analysis
CCPNMR_ANALYSIS,CcpNmr Analysis
ANALYSIS_-_CCPN,CcpNmr Analysis
Analysis_(CCPN),CcpNmr Analysis
ccpn analysis,CcpNmr Analysis
CCPN_ANALYSIS,CcpNmr Analysis
CCPN_analysi,CcpNmr Analysis
CCPN_Analysi,CcpNmr Analysis
CCPN_analysis,CcpNmr Analysis
CCPN-analysis,CcpNmr Analysis
ccpnmr analysis,CcpNmr Analysis
ccpnmr_analisis,CcpNmr Analysis
ccpnmr_analysis,CcpNmr Analysis
ccpnmr-_analysis,CcpNmr Analysis
CcpNmr_Analysis_2.1,CcpNmr Analysis
CcpNMR,CcpNmr Analysis
ccpNmr,CcpNmr Analysis
CCcpNMR,CcpNmr Analysis
CCNMR,CcpNmr Analysis
ccnmr,CcpNmr Analysis
CcpNMR,CcpNmr Analysis
CcpNMR_2.1,CcpNmr Analysis
CcpNMR_any,CcpNmr Analysis
CcpNMR_suite,CcpNmr Analysis
Ccpnmr_analysis,CcpNmr Analysis
ccpn_analysis,CcpNmr Analysis
CCPN-Analysis,CcpNmr Analysis
CCPNAnalysis,CcpNmr Analysis
CcpNmr,CcpNmr Analysis
CcpNmr Analysis,CcpNmr Analysis
CCPNMR_Analysis,CcpNmr Analysis
ccpNmr_any,CcpNmr Analysis
CCPNMR_suite,CcpNmr Analysis
CcpNnmr_Analysis,CcpNmr Analysis
CcpN_Analysis,CcpNmr Analysis
CcpNMr,CcpNmr Analysis
CcpNmr Analysis,CcpNmr Analysis
CcpNMR_Analysis,CcpNmr Analysis
AngleSearch,AngleSearch
ANSIG,ANSIG
Ansig,ANSIG
ansig,ANSIG
Ansig for OpenGL,ANSIG
ANSIG for OpenGL,ANSIG
Ansig for Windows,ANSIG
ANSIG-for-OpenGL,ANSIG
Ansig-for-Windows,ANSIG
ANSIG for WINDOWS,ANSIG
ANSIG3.3,ANSIG
Ansig3.3,ANSIG
ansig4opengl,ANSIG
Ansig4OpenGL,ANSIG
AQUA,AQUA
Aqua,AQUA
ARIA,ARIA
Aria,ARIA
aria,ARIA
ARIA1.1,ARIA
ARIA2,ARIA
ARIA2.0,ARIA
ARIA2.3,ARIA
ARIA_1.2,ARIA
ARIA_2.3,ARIA
ARIA-CNS,ARIA-CNS
ARIA_CNS,ARIA-CNS
Aria-CNS,ARIA-CNS
ARIA1.2_CNS,ARIA-CNS
ASCAN,ASCAN
ASDP,ASDP
AS-DP,ASDP
ATNOS,ATNOS
ATNOS-CANDID,ATNOS/CANDID
ATNOS/CANDID,ATNOS/CANDID
ATNOSCANDID,ATNOS/CANDID
ATHNOS-CANDID,ATNOS/CANDID
atnos candid,ATNOS/CANDID
atnos-candid,ATNOS/CANDID
atnos/candid,ATNOS/CANDID
atnos/candid_standalone,ATNOS/CANDID
atnoscandid,ATNOS/CANDID
ATSAS,ATSAS
AURELIA,AURELIA
Aurelia,AURELIA
aurelia,AURELIA
AUREMOL,AUREMOL
Auremol,AUREMOL
AutoAssign,AutoAssign
AUTOASSIGN,AutoAssign
autoassign,AutoAssign
AutoDep,AutoDep
AUTODOCK,AUTODOCK
AutoLink,AutoLink
AUTOPICK,AUTOPICK
AutoStructure,AutoStructure
AutoStruct,AutoStructure
autostructure,AutoStructure
autpstructure,AutoStructure
AUTOSTRUCTURE,AutoStructure
AUTOSTRUCTURE 2.1.0,AutoStructure
AVS,AVS
AZARA,AZARA
Azara,AZARA
azara,AZARA
BATCH,BATCH
BIRDER,BIRDER
Burrow-Owl,Burrow-Owl
Burrow_Owl,Burrow-Owl
CALIBA,CALIBA
CALIBRA,CALIBA
CamShift,CamShift
CANDID,CANDID
CAPP,CAPP
CARA,CARA
Cara,CARA
CARA1.5,CARA
CATIA,CATIA
ccnmr-glxcc,ccnmr-glxcc
CCP4,CCP4
CcpNmr_Entry_Completion_Interface,CcpNmr_Entry_Completion_Interface
CHARMM,CHARMM
CHARMM-GUI,CHARMM-GUI
CHRMM,CHRMM
Checkshift,Checkshift
CHIMERA,Chimera
Chimera,Chimera
UCSF_Chimera,Chimera
UCSF_CHIMERA,Chimera
ucsf_chimera,Chimera
ucsf-chimera,Chimera
ChimeraX,ChimeraX
Chiron,Chiron
CINDY,CINDY
CING,CING
CING_any,CING
CNS,CNS
CNS FOR WATER REFINEMENT,CNS
CNS_1.2,CNS
CNS_1.2_PATCH_LEVEL,CNS
CNS_using_RECOORD_scripts,CNS
CNS1.1,CNS
CNS1.2,CNS
CNS_1.1,CNS
cns_2,CNS
cns-1.3,CNS
CNX,CNS
CNS_HADDOCK,CNS_HADDOCK
CNS-ARIA,CNS-ARIA
CNSSOLVE,CNSSOLVE
CNS_SOLVE,CNSSOLVE
cnssolve,CNSSOLVE
cns_solve,CNSSOLVE
CNS/SCULPTOR,CNS/SCULPTOR
COMPASS,COMPASS
CORMA,CORMA
CosyView,CosyView
CPMD,CPMD
CRYSOL,CRYSOL
CS-Rosetta,CS-Rosetta
CS-ROSETTA,CS-Rosetta
cs_rosetta,CS-Rosetta
cs-rosetta,CS-Rosetta
cs-noe-rdc-rosetta,CS-Rosetta
csrosetta,CS-Rosetta
CS-NOE-RDC_Rosetta,CS-Rosetta
CS-Rosetta_toolbox,CS-Rosetta
CS23D,CS23D
CSI,CSI
Csi_1.0,CSI
Curvefit,Curvefit
curvefit_program,CurveFit
curvefit,CurveFit
CURVES,CURVES
curves_+,CURVES
CURVES_+,CURVES
CYANA,CYANA
CYANA_3.0,CYANA
cyana,CYANA
Cyana,CYANA
CYANA_2.0,CYANA
CYANA_2.1,CYANA
CYANA2.1,CYANA
Cyana3.0,CYANA
CYANA_3.0_intel,CYANA
CYANA_3.0_OPALP,CYANA/OPALP
CYANA_TINKER,CYANA/TINKER
DANGLE,DANGLE
DASHA,DASHA
DEEPVIEW/SWISS-PDB VIEWER,DEEPVIEW/SWISS-PDB VIEWER
DeepView-Swiss_-PDBViewer,DEEPVIEW/SWISS-PDB VIEWER
Delta,Delta
delta,Delta
delta_nmr,Delta
Delta NMR,Delta
DGII,DGII
Distance geometry,DGII
DIAMOD,DIAMOD
DISCOVER,DISCOVER
discover,DISCOVER
discover_molecular_modeling_system,DISCOVER
msi_discover,DISCOVER
msi discover,DISCOVER
MSI DISCOVER,DISCOVER
DNAminiCarlo,DNAminiCarlo
DYANA,DYANA
DYANA-1.5,DYANA
DYANA-CANDID,DYANA-CANDID
EASY,EASY
EMBOSS,EMBOSS
Ensemble,Ensemble
EXCEL,EXCEL
EZ-ASSIGN,EZ-ASSIGN
FANMEM,FANMEM
FANTASIA,FANTASIA
FANTOM,FANTOM
FASTModelFree,FASTModelFree
fastModelFree,FASTModelFree
FAWN,FAWN
Felix,Felix
FELIX,Felix
Felix_2007,Felix
felix (msi),Felix
FELIX (MSI),Felix
Felix 95,Felix
FELIX95,FELIX95
Felix 97.0,Felix
FELIX-NMR,Felix
FELIX2000,Felix
Felix2000,Felix
Felix95,Felix
Felix97,Felix
Fillshifts,Fillshifts
FindCore,FindCore
FMC,FMC
FMCGUI,FMC
fmcgui,FMC
Foldit,Foldit
FormatConverter,FormatConverter
formatconverter,FormatConverter
ccpn format converter,FormatConverter
CCPN formatConverter,FormatConverter
FOUND,FOUND
FRODO,FRODO
turbo frodo,FRODO
FTNMR,FTNMR
FuDA,FuDA
GAPRO,GAPRO
GARANT,GARANT
GASyCS,GASyCS
Gaussian,Gaussian
GAUSSIAN,Gaussian
GENMAC,GENMAC
geNMR,geNMR
GENPROC,GENPROC
GENXPK,GENXPK
GIFA,GIFA
Gifa assignment module,GIFA
GLOMSA,GLOMSA
GRAMM-X_Protein-Protein_Docking_Web_Server,GRAMM-X_Protein-Protein_Docking_Web_Server
GRASP,GRASP
GROMACS,GROMACS
Gromacs,GROMACS
Gromacs and Plumed,GROMACS and Plumed
GROMACS_CPMD,GROMACS/CPMD
GROMOS,GROMOS
GUARDD,GUARDD
HADDOCK,HADDOCK
Haddock,HADDOCK
HADDOCK_webserver,HADDOCK
HADDOCK1.3,HADDOCK
HEME_METHYL_SHIFT_PATTERNS,HEME_METHYL_SHIFT_PATTERNS
HIFI,HIFI
hmsIST,hmsIST
HYDRO,HYDRO
HYPER,HYPER
Hyper & PDBstat,HYPER/PDBstat
IBIS,IBIS
iCING,iCING
in-house written software,in-house written software
Home written Software,in-house written software
home written software,in-house written software
home_written,in-house written software
In house perl scripts,in-house written software
in-house_software,in-house written software
inhouse,in-house written software
inhouse2,in-house written software
Custom,in-house written software
In_house_product_plane_algorithm,in-house written software
in-house FORTRAN program,in-house written software
INCA,INCA
INFIT,INFIT
iNMR,iNMR
Insight,Insight
insight,Insight
msi insight,Insight
MSI INSIGHT,Insight
Insight II,Insight II
INSIGHTII,Insight II
insight ii,Insight II
InsightII,Insight II
insightii,Insight II
IRMA,IRMA
j-UNIO,j-UNIO
jUNIO,j-UNIO
jeval,jeval
JUMNA,JUMNA
KaleidaGraph,KaleidaGraph
kaleidagraph,KaleidaGraph
kaleidograph for windows,KaleidaGraph
Kaleidograph for windows,KaleidaGraph
KUJIRA,KUJIRA
kujira,KUJIRA
Kujira,KUJIRA
kujir,KUJIRA
LIGPLOT,LIGPLOT
LSQKAB,LSQKAB
MAGRO,MagRO-NMRView
MagRO-NMRView,MagRO-NMRView
MAPPER,MAPPER
MARDIGRAS,MARDIGRAS
MARDGIRAS,MARDIGRAS
MARS,MARS
mars,MARS
MATCH,MATCH
Mathematica,Mathematica
MATLAB,MATLAB
MATLAB script,MATLAB
MATLAB scripts,MATLAB
MC-SIM,MCSim
MC-Sym,MC-Sym
MCASSIGN2,MCASSIGN2
MCCL,MCCL
MddNMR,MddNMR
MDDNMR,MddNMR
MDD,MddNMR
MDD_NMR,MddNMR
MDD/MDDgui,MddNMR
MDDGUI,MddNMR
MEMBRANE_CS_ROSETTA-ARIA_2-2U3-CNS,MEMBRANE_CS_ROSETTA-ARIA_2-2U3-CNS
MestRe-C,MestRe-C Lite
MestReNova,MestReNova
Mestrenova,MestReNova
MFT,MFT
Microcal_Origin,Microcal_Origin
MICS,MICS
MIDAS,MIDAS
miniCarlo,miniCarlo
MINUIT,MINUIT
MNMR,MNMR
ModelFree,ModelFree
model-free,ModelFree
Modelfree_4.01,ModelFree
MODELLER,MODELLER
MODULE,MODULE
Module,MODULE
MODULE2,MODULE
MOE,MOE
MOLMOL,MOLMOL
Molmol,MOLMOL
Molmol_2K.,MOLMOL
Molmol_2k.2,MOLMOL
MOLMOL_2K.2,MOLMOL
MOLMOL_NMRDRAW,MOLMOL/NMRDraw
MolProbity,MolProbity
MOLPROBITY,MolProbity
MOLPROBITY_4.02B,MolProbity
MOLSCRIPT,MOLSCRIPT
MONTE,MONTE
Monte_Carlo_script,Monte_Carlo_script
MORASS,MORASS
Mulder,Mulder
MUNIN,MUNIN
NAB,NAB
NACCESS,NACCESS
NAMD,NAMD
NDEE,NDEE
NEASY,NEASY
NEASY/CARA,NEASY/CARA
NESSY,NESSY
NMRARCHITECHT,NMRArchitect
NMRchitect,NMRchitect
NMRCLUST,NMRCLUST
NMRCompass,NMRCompass
NMRDraw,NMRDraw
nmrDraw,NMRDraw
NMRDRAW,NMRDraw
nmrdraw,NMRDraw
nmrdraw_any,NMRDraw
NMRest,NMRest
NMRi,NMRi
NMRPipe,NMRPipe
nmrpipe,NMRPipe
nmrPipe,NMRPipe
nmrPIPE,NMRPipe
NMRPIPE,NMRPipe
NMR_PIPE,NMRPipe
MNRPipe,NMRPipe
nmr pipe,NMRPipe
nmr-pipe,NMRPipe
nmrpipe_any,NMRPipe
nmrpipee,NMRPipe
nnmrpipe,NMRPipe
pipe,NMRPipe
mnrpipe,NMRPipe
nmr_pipe,NMRPipe
NMRPIPE 2004-04-12,NMRPipe
nmrrpipe,NMRPipe
NMPIPE,NMRPipe
NMR PIPE,NMRPipe
NMR_Pipe,NMRPipe
NMR-PIPE,NMRPipe
NMRPIPeE,NMRPipe
NMRrpipe,NMRPipe
nmrPipe and nmrDraw,NMRPipe/NMRDraw
NMRPipe_NMRDraw,NMRPipe/NMRDraw
NMRPipe-Draw,NMRPipe/NMRDraw
NMRPipe-NMRDraw,NMRPipe/NMRDraw
nmrPipe/draw,NMRPipe/NMRDraw
NMRPipe/NMRDraw,NMRPipe/NMRDraw
NMRPIPE_and_NMRVIEW,NMRPipe/NMRView
NMRPIPE-NMRVIEW,NMRPipe/NMRView
NMRrpipe_NMRview,NMRPipe/NMRView
nmrPipe/PIPP,NMRPipe/PIPP
NMR-Pipe/Pipp,NMRPipe/PIPP
NMRPipe_and_SPARKY,NMRPipe/SPARKY
NMRPy,NMRPy
nmr_structure_tools,nmr_structure_tools
NMR-SPIRIT,NMR-SPIRIT
NMRspy,NMRspy
nmrspy,NMRspy
NMRSwarm,NMRSwarm
NMRTABLE,NMRTABLE
NMRView,NMRView
nmrView,NMRView
NMRVIEW,NMRView
mrview,NMRView
nmrview,NMRView
nmr view,NMRView
nmr-view,NMRView
NMR-View,NMRView
nmnrview,NMRView
NMRVIEW2.1,NMRView
NMRView5,NMRView
nmrView_any,NMRView
NMNMRView,NMRView
NMRViewJ,NMRViewJ
NOAH,NOAH
NOE-Calculations,NOE-Calculations
NOEID,NOEID
NUCFIT,NUCFIT
NUChemiCS,NUChemiCS
NvAssign,NvAssign
Olivia,Olivia
OLIVIA,Olivia
Omega Spectrometer Operating Software,Omega
omega_spectrometer_operating_software,Omega
omega,Omega
OPAL,OPAL
OPALp,OPALp
Opalp,OPALp
OPALp,OPALp
OPALP,OPALp
ORIGIN,ORIGIN
OriginPro,ORIGIN
PACES,PACES
PALES,PALES
PARADYANA,PARADYANA
PASA,PASA
PASD_algorithm,PASD
PASTA,PASTA
Paste-Papst,Paste-Papst
PDBStat,PDBStat
pdbstat,PDBStat
Peakpick,Peakpick
Peakpick/PPFLX,Peakpick/PPFLX
PECAN,PECAN
Pence,Pence
PFIT,PFIT
PINATA,PINATA
PINE,PINE
pine_server,PINE
PIPP,PIPP
nmrpipp,PIPP
pipp,PIPP
pipp suite,PIPP
Pipp,PIPP
pipp.com,PIPP
NMRPIPP,PIPP
PIPP_CAPP,PIPP/CAPP
PIPP/STAPP,PIPP/STAPP
pipp_stapp,PIPP/STAPP
pipp-stapp,PIPP/STAPP
pipp/stapp,PIPP/STAPP
PIPP_STAPP,PIPP/STAPP
PISTACHIO,PISTACHIO
Platon,Platon
PONDEROSA-C/S,PONDEROSA-C/S
PONDEROSA_C-S,PONDEROSA-C/S
PPFLX,PPFLX
PR,PR
PREDITOR,PREDITOR
P-ROI,P-ROI
p-roi system,P-ROI
P-ROI system,P-ROI
PROCHECK,PROCHECK
Procheck,PROCHECK
PROCHECK-NMR,PROCHECK-NMR
ProcheckNMR,PROCHECK-NMR
PROCHECKNMR,PROCHECK-NMR
procheck- nmr,PROCHECK-NMR
procheck-nmr,PROCHECK-NMR
prochecknmr,PROCHECK-NMR
prochek-nmr,PROCHECK-NMR
Procheck NMR,PROCHECK-NMR
PROCHEK-NMR,PROCHECK-NMR
PRODRG,PRODRG
PROFIT,PROFIT
PROMOTIF,PROMOTIF
PRONTO,PRONTO
PRONTO3D,PRONTO3D
pronto3d,PRONTO3D
PROSA,PROSA
prosa,PROSA
PROSAII,PROSA
Protein Constructor,Protein Constructor
protein_constructor,Protein Constructor
Protein Pack,Protein Pack
PSEUDYANA,PSEUDYANA
PSVS,PSVS
Protein Structure Validation Suite (PSVS),PSVS
PyMol,PyMol
MacPyMol,PyMol
PyRPF,PyRPF
Python,Python
q_test.py,q_test.py
qMDD,qMDD
QME,QME
QSiteFinder,QSiteFinder
QUANTA,QUANTA
QUASI,QUASI
QUEEN,QUEEN
RASTER3D,RASTER3D
RCI,RCI
Reconstruction_4D,Reconstruction_4D
RECOORD,RECOORD
RECOORD_CNS,RECOORD/CNS
REDCAT,REDCAT
REDCRAFT,REDCRAFT
Regine,Regine
relax,relax
RELAX,relax
relaxGUI,relax
Relax,relax
relaxfit,relax
RELAXFIT,relax
relxn2.2,relxn2.2
RESCUE,RESCUE
RIBBONS,RIBBONS
RMX,RMX
RNMR,RNMR
Rosetta,Rosetta
ROSETTA,Rosetta
Rosetta_3,Rosetta
RosettaOligomer,RosettaOligomer
Rowland NMR Toolkit,Rowland NMR Toolkit
Rowland_NMR_Toolkit,Rowland NMR Toolkit
ROWLAND_NMR_TOOLKIT,Rowland NMR Toolkit
rnmrtk,Rowland NMR Toolkit
RNMRTK,Rowland NMR Toolkit
roland_nmr_toolkit,Rowland NMR Toolkit
rowland_nmr_toolkit,Rowland NMR Toolkit
rowland_nmr_toolkit_script_generator,Rowland NMR Toolkit
Rowland_NMR_toolkit,Rowland NMR Toolkit
Rownald_NMR_Toolkit,Rowland NMR Toolkit
RPF,RPF
RPF(AutoStructure),RPF
rpf,RPF
S3EPY,S3EPY
SANE,SANE
sbtools,sbtools
SCRUB,SCRUB
Scrub,SCRUB
SCULPTOR,SCULPTOR
SCWRL,SCWRL
SEDPHAT,SEDPHAT
seq_prob,seq_prob
ShiftCalc,ShiftCalc
SIDER,SIDER
SigmaPlot,SigmaPlot
SIGMAPLOT,SigmaPlot
sigmaplot,SigmaPlot
SIMPSON,SIMPSON
smartnotebook,smartnotebook
Smart_Notebook,smartnotebook
Smartbotebook,smartnotebook
Smartnotebook,smartnotebook
SNARF,SNARF
SOPHIE,SOPHIE
software,software
software_1,software
software_2,software
software_3,software
software.name,software
SPARKY,SPARKY
Sparky,SPARKY
sparky,SPARKY
ucsf sparky,SPARKY
UCSF Sparky,SPARKY
sparky 3,SPARKY
sparky_3,SPARKY
SPARKY 3,SPARKY
Sparky_3,SPARKY
SPARKY_and_NMRpipe,SPARKY/NMRPipe
SPARKY_NMR_view_PIPP,SPARKY/NMRView/PIPP
SPARKY_NMR_view_PIPP_NMRPIPE,SPARKY/NMRView/PIPP/NMRPipe
SPARTA,SPARTA
Sparta,SPARTA
SPARTA+,SPARTA+
SPDB,SPDB
spedref,spedref
SPHINX-LINSHA,SPHINX-LINSHA
Spinevolution,Spinevolution
SPINS,SPINS
spinsight,spinsight
Spinworks,Spinworks
Spscan,Spscan
SSA_software_package,SSA_software_package
st2nmr,st2nmr
STAPP,STAPP
STEREOSEARCH,STEREOSEARCH
Striker,Striker
SUPPOSE,SUPPOSE
SYBYL,SYBYL
sybyl,SYBYL
SYBYL TRIAD,SYBYL
SYBYL_TRIAD,SYBYL
Sybyl Triad,SYBYL
Sybyl TRIAD,SYBYL
sybyl triad,SYBYL
sybyl_triad,SYBYL
triad,SYBYL
triad (sybyl),SYBYL
Triad,SYBYL
TRIAD (SYBYL),SYBYL
TALOS,TALOS
Talos,TALOS
talos,TALOS
talos_any,TALOS
TALOS-N,TALOS-N
TALOSN,TALOS-N
Talos-N,TALOS-N
TALOS+,TALOS+
Talos+,TALOS+
TALOSPLUS,TALOS+
TALOSPLUS_1,TALOS+
talo+,TALOS+
TALOS_plus,TALOS+
talos_plus,TALOS+
talosplus,TALOS+
TALOSPLUS_3.60F1,TALOS+
Talosplus_any,TALOS+
talos+,TALOS+
TALO+,TALOS+
TALOS++,TALOS++
TANCY,TANCY
TANSY,TANSY
TATAPRO,TATAPRO
tecmag,tecmag
Tensor,Tensor
Tensor2,Tensor2
TINKER,TINKER
TopSpin,TopSpin
Topspin,TopSpin
TOPSPIN,TopSpin
topspin,TopSpin
Bruker_TopSpin,TopSpin
Bruker_topsin,TopSpin
Topsin,TopSpin
TOPSPIN_1.3,TopSpin
TOPSPIN_v._3.2,TopSpin
topspin+,TopSpin
Topspin_2.1,TopSpin
Topspin2.1,TopSpin
TOTAL,TOTAL
TRIPOS,TRIPOS
TSAR,TSAR
type_prob-seq_prob,type_prob-seq_prob
UBNMR,UBNMR
UNIO,UNIO
UNIO_10,UNIO
UNIO'10,UNIO
Unio10',UNIO
unio_10,UNIO
unio'08,UNIO
unio08,UNIO
unio10,UNIO
unio'10,UNIO
Unio'10,UNIO
unknown,unknown
none_given,unknown
not_given,unknown
UNIO-ATNOS-ASCAN,UNIO/ATNOS/ASCAN
UNIO-ATNOS-CANDID,UNIO/ATNOS/CANDID
UNIO/ATNOS-CANDID,UNIO/ATNOS/CANDID
UNIO-MATCH,UNIO/MATCH
UXNMR,UXNMR
uxnmr,UXNMR
uxwinnmr,UXNMR
UXWINNMR,UXNMR
VMD,VMD
VNMR,VNMR
varian,VNMR
Varian,VNMR
Varian Software (VNMR),VNMR
Varian_VNMR,VNMR
varian software (vnmr),VNMR
varian vnmr,VNMR
varian_vnmr,VNMR
vnmr,VNMR
VNMR_6.1B,VNMR
VNMR_6.1C,VNMR
VNMR6.1B,VNMR
VNMR6.1C,VNMR
VNMRJ,VNMRJ
vnmrj,VNMRJ
Vnmrj,VNMRJ
WhatCheck,WhatCheck
What_check,WhatCheck
WhatIF,WhatIF
what if,WhatIF
XEASY,XEASY
xeasy,XEASY
XEASY/CARA,XEASY/CARA
XEASY/CYANA,XEASY/CYANA
XEASY_MOLMOL_2K.2,XEASY/MOLMOL
X-PLOR,X-PLOR
XPLOR,X-PLOR
x_plor,X-PLOR
x-plor,X-PLOR
xplor,X-PLOR
Xplor,X-PLOR
MODIFIED XPLOR,X-PLOR
XPLOR-NIH,XPLOR-NIH
X-PLOR NIH,XPLOR-NIH
X-PLOR_NIH,XPLOR-NIH
Xplor_NIH,XPLOR-NIH
X-PLOR NIH,XPLOR-NIH
XPLOR NIH,XPLOR-NIH
x-plor nih-2.9.4a,XPLOR-NIH
x-plor_2.9.4a,XPLOR-NIH
x-plor_nih,XPLOR-NIH
x-plor-nih,XPLOR-NIH
X-_PLOR_NIH,XPLOR-NIH
x-plor-NIH,XPLOR-NIH
nih-xplor,XPLOR-NIH
xplor-nih,XPLOR-NIH
xplornih,XPLOR-NIH
X-PLOR_NIH_2.16,XPLOR-NIH
xcrvfit,xcrvfit
xwinnmr,xwinnmr
bruker,xwinnmr
bruker xwinnmr,xwinnmr
xwinnmr (bruker),xwinnmr
xwin-nmr,xwinnmr
X-WIN-NMR,xwinnmr
X-WINNMR,xwinnmr
XWIN-NMR,xwinnmr
XWINNMR,xwinnmr
XWINNMR (Bruker),xwinnmr
XwinNMR,xwinnmr
Xwin-NMR,xwinnmr
Xwin-nmr,xwinnmr
XWIN NMR,xwinnmr
XWINMR,xwinnmr
MacNMR,xwinnmr
NTNMR,xwinnmr
XWINNMR-AURELIA,xwinnmr/AURELIA
xwinnmr/TOPSPIN,xwinnmr/TopSpin
YASARA,YASARA
Yasara,YASARA
YASARA_Energy_Minimization_Server,YASARA
YASARA2,YASARA2